16,s_basic_string_expansion,1578311901,0
17,s_only_string_expansion,1578311901,0
18,s_two_string_expansions,1578311901,0
19,s_two_string_expansions2,1578311901,0
20,s_empty_string_expansion,1578311901,0
21,s_full_then_empty_string,1578311901,0
22,s_empty_then_full_string,1578311901,0
23,s_three_strings,1578311901,0
24,s_space_padded_field_width,1578311901,0
25,s_space_padded_field_width2,1578311901,0
26,s_space_padded_over_field_width,1578311901,0
27,s_space_padded_field_width_lj,1578311901,1578310971
28,s_space_padded_field_width2_lj,1578311901,1578310971
29,s_space_padded_over_field_width_lj,1578311901,1578310971
30,s_string_prec_notrunc,1578311901,0
31,s_string_prec_trunc,1578311901,0
32,s_string_prec_default,1578311901,0
33,s_string_prec_zero,1578311901,0
34,s_two_strings_prec_2trunc,1578311901,0
35,s_two_strings_prec_1trunc_a,1578311901,0
36,s_two_strings_prec_1trunc_b,1578311901,0
37,s_two_strings_prec_0trunc,1578311901,0
38,s_string_prec_width_notrunc,1578311901,0
39,s_string_prec_width_trunc,1578311901,0
40,s_string_prec_width_notrunc_lj,1578311901,1578310971
41,s_string_prec_width_trunc_lj,1578311901,1578310971
42,s_two_s_prec_width_2fit_0trunc,1578311901,0
43,s_two_s_prec_width_1fit_a_0trunc,1578311901,0
44,s_two_s_prec_width_1fit_b_0trunc,1578311901,0
45,s_two_s_prec_width_0fit_0trunc,1578311901,0
46,s_two_s_prec_width_2fit_1trunc_a,1578311901,0
47,s_two_s_prec_width_1fit_a_1trunc_a,1578311901,0
48,s_two_s_prec_width_1fit_b_1trunc_a,1578311901,0
49,s_two_s_prec_width_0fit_1trunc_a,1578311901,0
50,s_two_s_prec_width_2fit_1trunc_b,1578311901,0
51,s_two_s_prec_width_1fit_a_1trunc_b,1578311901,0
52,s_two_s_prec_width_1fit_b_1trunc_b,1578311901,0
53,s_two_s_prec_width_0fit_1trunc_b,1578311901,0
54,s_two_s_prec_width_2fit_2trunc,1578311901,0
55,s_two_s_prec_width_1fit_a_2trunc,1578311901,0
56,s_two_s_prec_width_1fit_b_2trunc,1578311901,0
57,s_two_s_prec_width_0fit_2trunc,1578311901,0
58,s_two_s_prec_width_2trunc,1578311901,0
59,s_two_strings_lj_and_rj,1578311901,1578310971
60,s_two_strings_rj_and_lj,1578311901,1578310971
61,s_null_basic_string_expansion,1578311901,0
62,s_null_only_string_expansion,1578311901,0
63,s_null_space_padded_field_width,1578311901,0
64,s_null_space_padded_over_field_width,1578311901,0
65,s_null_space_padded_field_width_lj,1578311901,1578310971
66,s_null_space_padded_field_width2_lj,1578311901,1578310971
67,s_null_space_padded_over_field_width_lj,1578311901,1578310971
68,s_null_string_prec_notrunc,1578311901,0
69,s_null_string_prec_trunc,1578311901,0
70,s_null_string_prec_default,1578311901,0
71,s_null_string_prec_zero,1578311901,0
72,s_basic_s_hidden,1578311901,0
73,s_width_3_s_hidden,1578311901,0
74,s_width_9_s_hidden,1578311901,0
75,s_prec_no_width_s_hidden,1578311901,0
76,s_prec_9_no_width_s_hidden,1578311901,0
77,s_prec_03_no_width_s_hidden,1578311901,0
78,s_prec_09_no_width_s_hidden,1578311901,0
79,s_prec_03_no_width_s_null,1578311901,0
80,s_prec_09_no_width_s_null,1578311901,0
81,s_prec_00_no_width_s_nullchar,1578311901,0
82,s_prec_01_no_width_s_nullchar,1578311901,0
83,s_prec_03_no_width_s_nullchar,1578311901,0
84,s_prec_09_no_width_s_nullchar,1578311901,0
85,s_prec_0_width_3_s_hidden,1578311901,0
86,s_prec_0_width_10_s_hidden,1578311901,0
87,s_prec_0_width_3_s_null,1578311901,0
88,s_prec_0_width_10_s_null,1578311901,0
89,s_prec_0_width_1_s_nullchar,1578311901,0
90,s_prec_0_width_2_s_nullchar,1578311901,0
91,s_prec_0_width_9_s_nullchar,1578311901,0
92,s_prec_0_lj_width_3_s_hidden,1578311901,1578310971
93,s_prec_0_lj_width_8_s_hidden,1578311901,1578310971
94,s_prec_0_lj_width_3_s_null,1578311901,1578310971
95,s_prec_0_lj_width_8_s_null,1578311901,1578310971
96,s_prec_0_lj_width_1_s_nullchar,1578311901,1578310971
97,s_prec_0_lj_width_2_s_nullchar,1578311901,1578310971
98,s_prec_0_lj_width_6_s_nullchar,1578311901,1578310971
99,s_prec_1_width_3_s_hidden,1578311901,0
100,s_prec_1_width_10_s_hidden,1578311901,0
101,s_prec_1_width_3_s_null,1578311901,0
102,s_prec_1_width_9_s_null,1578311901,0
103,s_prec_1_lj_width_3_s_hidden,1578311901,1578310971
104,s_prec_1_lj_width_10_s_hidden,1578311901,1578310971
105,s_prec_1_lj_width_3_s_null,1578311901,1578310971
106,s_prec_1_lj_width_9_s_null,1578311901,1578310971
107,s_prec_1_lj_width_3_s_nullchar,1578311901,1578310971
108,s_prec_1_lj_width_6_s_nullchar,1578311901,1578310971
109,s_prec_perfect_width_3_s_hidden,1578311901,0
110,s_prec_perfect_width_20_s_hidden,1578311901,0
111,s_prec_perfect_width_3_s_null,1578311901,0
112,s_prec_perfect_width_20_s_null,1578311901,0
113,s_prec_perfect_width_3_s_nullchar,1578311901,0
114,s_prec_perfect_width_6_s_nullchar,1578311901,0
115,s_prec_perfect_lj_width_3_s_hidden,1578311901,1578310971
116,s_prec_perfect_lj_width_20_s_hidden,1578311901,1578310971
117,s_prec_8_lj_width_3_s_hidden,1578311901,1578310971
118,s_prec_8_lj_width_10_s_hidden,1578311901,1578310971
119,s_prec_8_lj_width_3_s_null,1578311901,1578310971
120,s_prec_8_lj_width_10_s_null,1578311901,1578310971
121,s_prec_00_lj_s_hidden_trunc,1578311901,1578310971
122,s_prec_09_lj_s_hidden_notrunc,1578311901,1578310971
123,s_undefbehav_0_2zero,1578311901,1578310454
124,s_undefbehav_0_3zero,1578311901,1578310454
125,s_undefbehav_0_4zero,1578311901,1578310454
126,s_undefbehav_0_lj_2zero,1578311901,1578310971
127,s_undefbehav_0_zero_lj_zero,1578310454,1578311901
128,s_undefbehav_0_2zero_lj,1578310454,1578311901
129,s_undefbehav_0_width_3,1578311901,1578310454
130,s_undefbehav_0_width_9,1578311901,1578310454
131,s_undefbehav_lj_0_width_3,1578311901,1578310971
132,s_undefbehav_lj_0_width_9,1578311901,1578310971
